{"cameraMode":{"drawMode":0,"name":"Shaded","section":"Shading Mode"},"sceneLighting":false,"audioPlay":false,"sceneViewState":{"m_AlwaysRefresh":false,"showFog":true,"showSkybox":false,"showFlares":true,"showImageEffects":true,"showParticleSystems":true,"showVisualEffectGraphs":true,"m_FxEnabled":true},"in2DMode":false,"pivot":{"x":-0.009540259838104248,"y":0.944790244102478,"z":0.5661692023277283},"rotation":{"x":0.03327670320868492,"y":-0.9015201330184937,"z":0.07046102732419968,"w":0.4257327914237976},"size":2.3256969451904299,"orthographic":false}